;;;;;;;;;;;
Jira;;;;;;;;;;;
Exibindo 277 itens como em 14/jun/23 8:56 AM.;;;;;;;;;;;
Tipo de Item;Chave;Resumo;Situação;Criado;Atualizado;Development;Parent Link;Team;Itens vinculados;Sprint;Componente(s)
Épico;SDIGVSBV00-14384;PI#10|SP4|E|Portabilidade Externa de Entrada - Operacional (Site Gestor);PRIORIZADO;05/04/2023 09:44;13/06/2023 16:54;;SGTIJIRA01-1644Vila BVP - Célula Contratação Previdência;BVP Contratação Prev;SDIGVSBV00-5981;;
Épico;SDIGVSBV00-14456;PI#10|SP4|E|Disponibilização de boleto através do WhatsApp[APP][VIDA];PRIORIZADO;06/04/2023 23:28;13/06/2023 15:32;;SGTIJIRA01-1606Vila BVP - Célula Fidelização Vida;BVP Fidelização Vida;;;
Épico;SDIGVSBV00-8746;PI#8|SP4|E|Endosso App Bradesco - Forma de Pagamento e Vencimento - Fase 1 [Vida];PRIORIZADO;18/07/2022 17:42;13/06/2023 15:17;;SGTIJIRA01-1606Vila BVP - Célula Fidelização Vida;BVP Fidelização Vida;;;PI#8
Épico;SDIGVSBV00-14457;PI#10|SP4|E|Endosso formas de pagamento no BSC[APP][VIDA];PRIORIZADO;06/04/2023 23:32;13/06/2023 15:15;;SGTIJIRA01-1606Vila BVP - Célula Fidelização Vida;BVP Fidelização Vida;;;
Épico;SDIGVSBV00-10793;PI#7|SP3|R|Upload de propostas com Leitor QR Code - BVP Vida;EM EXECUCAO;13/10/2022 15:32;13/06/2023 14:55;;SGTIJIRA01-1602Vila BVP - Célula Fidelização Previdência;BVP Fidelização Previdencia;SDIGVSBV00-16193;;PI#10, PI#5, PI#6, PI#7, PI#8, PI#9
Épico;SDIGVSBV00-8740;PI#8|SP3|R|Cobrança via Pix [Vida];EM EXECUCAO;18/07/2022 17:35;13/06/2023 14:55;;SGTIJIRA01-1602Vila BVP - Célula Fidelização Previdência;BVP Fidelização Previdencia;SDIGVSBV00-13189;;PI#10, PI#8, PI#9
Épico;SDIGVSBV00-11707;PI#9|SP4|R|REFORMULAÇÃO SITE PREV - COMPROVANTES - PAGAMENTO DE BENEFICIÁRIOS;EM EXECUCAO;01/12/2022 16:51;13/06/2023 14:50;;SGTIJIRA01-1566Vila BVP - Célula Não Correntista;BVP Não Correntista;SDIGVSBV00-11735, SDIGVSBV00-14687;;PI#10, PI#9
Épico;SDIGVSBV00-14860;PI#10|SP4|R| Upload Bases Previdência;DETALHADO;17/04/2023 09:34;13/06/2023 14:28;;SGTIJIRA01-1305Vila BVP - Célula CRM;BVP CRM;SDIGVSBV00-15122;;PI#10
Épico;SDIGVCOR00-30467;PI#14|SP2|R|Inclusão de telefone residencial e comercial no portal de negócios;IDENTIFICADO;13/06/2023 13:39;13/06/2023 14:26;;SGTIJIRA01-1646Vila BVP - Célula Corretor Previdência;BVP Corretor Previdência;;;PI#14
Épico;SDIGVSBV00-14859;PI#10|SP3|R| Carga de dados gerenciais - Vida;EM EXECUCAO;17/04/2023 09:32;13/06/2023 14:25;;SGTIJIRA01-1305Vila BVP - Célula CRM;BVP CRM;SDIGVSBV00-15122;;PI#10
Épico;SDIGVSBV00-16564;Estudo para criação de rotina de resgate por autosserviço na plataforma de parceiros;PRIORIZADO;25/10/2022 12:01;13/06/2023 14:10;;SGTIJIRA01-1176Open Insurance - Fase II - BVP;BVP Previdência - Novas Soluções;SDIGVSBV00-16571, SDIGVSBV00-14496;;
Épico;SDIGVSBV00-16520;Identificar e listar os produtos de Previdência individuais contratados em plataformas de parceiros e permitir o cancelamento por desistência em 7 dias;EM EXECUCAO;11/04/2023 09:21;13/06/2023 14:07;;SGTIJIRA01-1176Open Insurance - Fase II - BVP;BVP Previdência - Novas Soluções;SDIGVSBV00-14494;;
Épico;SDIGVSBV00-16437;Implementação do Tagueamento para as aplicações;EM EXECUCAO;29/03/2023 16:24;13/06/2023 14:05;;SGTIJIRA01-1695Vila BVP - Célula Previdência Novas Soluções;BVP Previdência - Novas Soluções;;;
Épico;SDIGVCOR00-29086;PI#15|SP4|R|Inclusão da forma de pagamento PIX na jornada de risco do portal de negócios;IDENTIFICADO;18/05/2023 10:28;13/06/2023 13:34;;SGTIJIRA01-1646Vila BVP - Célula Corretor Previdência;BVP Corretor Previdência;;;
Épico;SDIGVCOR00-30463;PI#14|SP4|R|Inclusão da forma de pagamento PIX na jornada de contratação;IDENTIFICADO;13/06/2023 12:05;13/06/2023 13:33;;SGTIJIRA01-1646Vila BVP - Célula Corretor Previdência;BVP Corretor Previdência;;;PI#14
Épico;SDIGVCOR00-30466;PI#15|SP4|R|Inclusão da forma de pagamento PIX na jornada de aporte do portal de negócios;IDENTIFICADO;13/06/2023 13:29;13/06/2023 13:31;;SGTIJIRA01-1646Vila BVP - Célula Corretor Previdência;BVP Corretor Previdência;;;
Épico;SDIGVSBV00-8978;PI#7|SP4|R|Abertura de comunicado de sinistro vida e previdência;EM EXECUCAO;20/07/2022 16:07;13/06/2023 12:02;;SGTIJIRA01-1604Vila BVP - Célula Sinistro;BVP Sinistro;SDIGVSBV00-970, SDIGVSBV00-8347, SDIGVSBV00-8980, SDIGVSBV00-5554, SDIGVSBV00-8888, SDIGVSBV00-14529;;PI#10, PI#7, PI#8, PI#9
Épico;SDIGVSBV00-970;PI#5|SP4|R|[PIVI]Abertura de comunicados e gestão para Sinistro de Previdência;EM EXECUCAO;16/08/2021 19:12;13/06/2023 12:00;;SGTIJIRA01-1604Vila BVP - Célula Sinistro;BVP Sinistro;SDIGVSBV00-5534, SDIGVSBV00-8978, SDIGVSBV00-8347, SDIGVSBV00-8650, SDIGVSBV00-8888;;PI#10, PI#5, PI#6, PI#7, PI#8
Épico;SDIGVSBV00-16460;PI#10|SP4|E| Acompanhamento da proposta (Front único) - - Empresarial Flexível;IDENTIFICADO;08/06/2023 11:27;13/06/2023 11:23;;SGTIJIRA01-1543Vila BVP - Célula de Contratação Vida;BVP Contratação Vida;;;
Épico;SDIGVSBV00-16451;PI#10|SP4|E| Armazenar e Consultar Cotação - Empresarial Flexível;IDENTIFICADO;07/06/2023 13:53;13/06/2023 11:22;;SGTIJIRA01-1543Vila BVP - Célula de Contratação Vida;BVP Contratação Vida;;;
Épico;SDIGVSBV00-14449;PI#10|SP4|R|Alterar Dados de Contato/Endereço - Não Correntista;EM EXECUCAO;06/04/2023 16:00;13/06/2023 11:17;;SGTIJIRA01-1602Vila BVP - Célula Fidelização Previdência;BVP Fidelização Previdencia;SDIGVSBV00-14648, SDIGVSBV00-11516, SDIGVSBV00-14668;;PI#10
Épico;SDIGVSBV00-12870;PI#10|SP4|E34|R|C9| Anuência 3/4 V02;EM EXECUCAO;11/01/2023 16:37;13/06/2023 10:58;;SGTIJIRA01-1648Vila BVP - Célula Corporate Vida;BVP Corporate Vida;SDIGVSBV00-14362;;PI#10
Épico;SDIGVSBV00-8425;PI#9|SP4|E|VIDA-PREV - Criação de Check List Taylor Made por produto/cobertura;EXPERIENCIA VALIDADA;06/07/2022 12:37;13/06/2023 10:44;;SGTIJIRA01-1604Vila BVP - Célula Sinistro;BVP Sinistro;;;PI#9
Épico;SDIGVSBV00-16819;Portabilidade Interna;IDENTIFICADO;31/05/2023 10:45;13/06/2023 10:38;;SGTIJIRA01-1176Open Insurance - Fase II - BVP;BVP Previdência - Novas Soluções;;;
Épico;SDIGVSBV00-16817;Contratação de produtos de previdência individual por autosserviço - White Label;IDENTIFICADO;08/05/2023 16:24;13/06/2023 10:37;;SGTIJIRA01-1176Open Insurance - Fase II - BVP;BVP Previdência - Novas Soluções;;;
Épico;SDIGVSBV00-16707;Permitir que os clientes realizem, consultem e paralisem aportes nos planos de previdência contratados anteriormente.;PRIORIZADO;23/02/2023 09:13;13/06/2023 10:09;;SGTIJIRA01-1176Open Insurance - Fase II - BVP;BVP Previdência - Novas Soluções;SDIGVSBV00-14492;;
Épico;SDIGVSBV00-16462;PI#10|SP4|E| Aceite Digital Empresarial;IDENTIFICADO;08/06/2023 11:38;13/06/2023 09:57;;SGTIJIRA01-1543Vila BVP - Célula de Contratação Vida;BVP Contratação Vida;;;
Épico;SDIGVSBV00-14419;PI#10|SP3|R|Renault;DETALHADO;06/04/2023 08:42;13/06/2023 07:57;;SGTIJIRA01-1650Vila BVP - Célula Seguro Prestamista;BVP Prestamista;SDIGVSBV00-14550;;PI#10
Épico;SDIGVSBV00-15344;PI#10|SP2|R|Atualização Formulário VPRS;EM EXECUCAO;03/05/2023 09:09;13/06/2023 07:46;;SGTIJIRA01-1650Vila BVP - Célula Seguro Prestamista;BVP Prestamista;;;PI#10
Épico;SDIGVSBV00-14423;PI#10|SP3|R|Integração RBRF/API;PRIORIZADO;06/04/2023 08:56;13/06/2023 07:45;;SGTIJIRA01-1650Vila BVP - Célula Seguro Prestamista;BVP Prestamista;SDIGVSBV00-15149;;PI#10
Épico;SDIGVSBV00-15026;Manutenção de Proposta (desligamento, paralisação e reativação);PRIORIZADO;19/04/2023 09:59;12/06/2023 16:54;;SGTIJIRA01-1307Vila BVP - Célula Corporate Previdência;BVP Corporate Prev;;;
Épico;SDIGVSBV00-16572;Estudo para criar as rotinas de manutenções/serviços não correntistas na plataforma de parceiros (alteração de beneficiários e alteração de data de aposentadoria);PRIORIZADO;25/10/2022 12:10;12/06/2023 16:29;;SGTIJIRA01-1176Open Insurance - Fase II - BVP;BVP Previdência - Novas Soluções;SDIGVSBV00-14495;;
Épico;SDIGVSBV00-13512;PI#10|SP4|E35|R|C9| Dashboard de Faturamento V02;EM EXECUCAO;14/02/2023 11:22;12/06/2023 16:09;;SGTIJIRA01-1648Vila BVP - Célula Corporate Vida;BVP Corporate Vida;SDIGVSBV00-15332;;PI#10
Épico;SDIGVSBV00-16415;PI#10|SP4|E| Endosso do Empresarial Flexível - Capital Global;IDENTIFICADO;05/06/2023 15:11;12/06/2023 15:59;;SGTIJIRA01-1543Vila BVP - Célula de Contratação Vida;BVP Contratação Vida;;;
Épico;SDIGVSBV00-16414;PI#10|SP4||E|ADAPTAÇÃO DO ACEITE DIGITAL PARA O SEGURO VIAGEM NO BVP;PRIORIZADO;05/06/2023 15:03;12/06/2023 15:19;;SGTIJIRA01-1543Vila BVP - Célula de Contratação Vida;BVP Contratação Vida;;;
Épico;SDIGVSBV00-16557;PI#10|SP4|E| Endosso Alteração da forma de pagamento;IDENTIFICADO;12/06/2023 13:26;12/06/2023 14:36;;SGTIJIRA01-1543Vila BVP - Célula de Contratação Vida;BVP Contratação Vida;;;
Épico;SDIGVSBV00-16556;PI#10|SP4|E| Endosso Alteração Cadastral;IDENTIFICADO;12/06/2023 13:25;12/06/2023 14:28;;SGTIJIRA01-1543Vila BVP - Célula de Contratação Vida;BVP Contratação Vida;;;
Épico;SOPIVSPR00-3012;|E|VIDA| MS de Cotação;DETALHADO;05/06/2023 13:15;12/06/2023 14:21;;SGTIJIRA01-1142Open Insurance - Fase II - DIGITAL;DIG OpenInsurance Vida Parcerias;;;
Épico;SOPIVSPR00-3009;|E|VIDA| MS de Produto Vida;DETALHADO;02/06/2023 15:26;12/06/2023 14:20;;SGTIJIRA01-1142Open Insurance - Fase II - DIGITAL;DIG OpenInsurance Vida Parcerias;;;
Épico;SDIGVSBV00-11648;PI#9|SP4|E|Saldo Acumulado da Rentabilidade em valores dos planos [APP] [PREV];IDENTIFICADO;30/11/2022 18:08;12/06/2023 14:14;;SGTIJIRA01-1602Vila BVP - Célula Fidelização Previdência;BVP Fidelização Previdencia;;;
Épico;SDIGVSBV00-16406;PI#10|SP4|R|[PIVI]Gestão para Sinistro de Previdência;EXPERIENCIA VALIDADA;05/06/2023 10:23;12/06/2023 11:37;;SGTIJIRA01-1604Vila BVP - Célula Sinistro;BVP Sinistro;;;
Épico;SDIGVSBV00-14723;MVP2 - Repetição de Fatura;IDENTIFICADO;13/04/2023 08:15;12/06/2023 10:10;;SGTIJIRA01-1307Vila BVP - Célula Corporate Previdência;BVP Corporate Prev;;;
Épico;SDIGVSBV00-12949;PI#10|SP4|R|Melhorias no Adesão Digital;EM EXECUCAO;18/01/2023 09:23;12/06/2023 10:08;;SGTIJIRA01-1307Vila BVP - Célula Corporate Previdência;BVP Corporate Prev;SDIGVSBV00-14360;;PI#10
Épico;SDIGVSBV00-15197;PI#10|SP4|E|REFORMULAÇÃO SITE PREV - MEUS PLANOS - REGULAMENTOS E CONDIÇÕES GERAIS;EM EXECUCAO;23/04/2023 20:21;12/06/2023 10:06;;SGTIJIRA01-1566Vila BVP - Célula Não Correntista;BVP Não Correntista;;;
Épico;SDIGVSBV00-8597;PI#8|SP3|R|PROVA DE VIDA NA ALTERAÇÃO DE BENEFICIÁRIO - APP BSC;EM EXECUCAO;17/07/2022 22:35;09/06/2023 17:22;MESCLADO;SGTIJIRA01-1566Vila BVP - Célula Não Correntista;BVP Não Correntista;SDIGVSBV00-8900;;PI#10, PI#8, PI#9
Épico;SDIGVSBV00-11499;PI#9|SP4|E|Exibir o valor e taxa atual da alíquota regressiva [APP][PREV];EXPERIENCIA VALIDADA;24/11/2022 16:25;09/06/2023 17:17;;SGTIJIRA01-1602Vila BVP - Célula Fidelização Previdência;BVP Fidelização Previdencia;;;
Épico;SDIGVSBV00-11215;PI#9|SP4|R|[Vida]Visualização de faturas de pagamento em aberto;EM EXECUCAO;11/11/2022 14:53;09/06/2023 13:14;;SGTIJIRA01-1440App Bradesco Seguros;DIG Aplicativo Clientes;SDIGVSBV00-11911, SDIGVSBV00-11912, SDIGVSBV00-6057, SDIGVSBV00-13266;;PI#10, PI#9
Épico;SDIGVSBV00-14367;PI#8|SP1|R| Carta Viagem no app BSC;EM EXECUCAO;23/08/2022 14:50;09/06/2023 13:11;;SGTIJIRA01-1440App Bradesco Seguros;DIG Aplicativo Clientes;;;PI#10, PI#8
Épico;SDIGVSBV00-14368;PI#10|SP3|R|Home Seguro Viagem;EM EXECUCAO;04/04/2023 14:46;09/06/2023 13:09;;SGTIJIRA01-1440App Bradesco Seguros;DIG Aplicativo Clientes;;;PI#10
Épico;SDIGVSBV00-15546;PI#10|SP04|E39|R|C9| Ajuste Parentesco Beneficiário;EM EXECUCAO;10/05/2023 09:46;09/06/2023 11:13;;SGTIJIRA01-1648Vila BVP - Célula Corporate Vida;BVP Corporate Vida;;;PI#10
Épico;SDIGVSBV00-13326;Revisão do Dashboard de Analytics;PRIORIZADO;07/02/2023 10:38;09/06/2023 10:29;;SGTIJIRA01-1307Vila BVP - Célula Corporate Previdência;BVP Corporate Prev;;;
Épico;SDIGVSBV00-8610;Estudo Adesão Digital 2.0;PRIORIZADO;18/07/2022 10:21;09/06/2023 10:25;;SGTIJIRA01-1307Vila BVP - Célula Corporate Previdência;BVP Corporate Prev;SDIGVSBV00-11792, SDIGVSBV00-14672;;
Épico;SDIGVSBV00-11760;Alteração de fundo;PRIORIZADO;02/12/2022 10:56;09/06/2023 10:21;;SGTIJIRA01-1307Vila BVP - Célula Corporate Previdência;BVP Corporate Prev;SDIGVSBV00-14669, SDIGVSBV00-11792;;
Épico;SDIGVSBV00-16431;PI#10|SP4|E| Condições gerais Empresarial Flexível Capital Global | Consumo de API do Pis PEGA;IDENTIFICADO;06/06/2023 14:27;09/06/2023 10:21;;SGTIJIRA01-1543Vila BVP - Célula de Contratação Vida;BVP Contratação Vida;;;
Épico;SDIGVSBV00-5945;Hierarquia de perfil de acesso para o novo Servidor Corporate Previdência;PRIORIZADO;24/03/2022 09:14;09/06/2023 10:20;;SGTIJIRA01-1307Vila BVP - Célula Corporate Previdência;BVP Corporate Prev;SDIGVSBV00-6172, SDIGVSBV00-8209;;
Épico;SDIGVSBV00-11135;PI#9|SP4|R|Demonstrativo de Movimentações versão Web (Perfis: Administradores de Plano, Corporate, Internet e Participantes);EM EXECUCAO;04/11/2022 13:18;09/06/2023 10:02;;SGTIJIRA01-1307Vila BVP - Célula Corporate Previdência;BVP Corporate Prev;SDIGVSBV00-14360, SDIGVSBV00-11639, SDIGVSBV00-14642;;PI#10, PI#9
Épico;SDIGVSBV00-13406;PI#10|SP1|E|Oferta Contextual - Viagem no Cambio;EXPERIENCIA VALIDADA;13/02/2023 08:14;07/06/2023 17:30;;SGTIJIRA01-1290Novas Jornadas Correntistas - célula com foco na oferta de novos produtos de seguros para correntistas;DIG Novas Jornadas Correntista;SDIGVSBV00-16458;;
Épico;SDIGVSBV00-13314;PI#11|SP2|R|Cancelamento viagem no app;PRIORIZADO;06/02/2023 19:43;07/06/2023 16:32;;SGTIJIRA01-1290Novas Jornadas Correntistas - célula com foco na oferta de novos produtos de seguros para correntistas;DIG Novas Jornadas Correntista;;;PI#11
Épico;SDIGVSBV00-8353;PI#8|SP4|R|Vida Viva – revisão da jornada oferta e personalização;EM EXECUCAO;28/06/2022 17:05;07/06/2023 16:26;;SGTIJIRA01-1291Melhoria Jornadas Correntistas;DIG Melhoria de Experiência Correntista;SDIGVSBV00-10746;;PI#10, PI#8, PI#9
Épico;SDIGVSBV00-13831;PI#10|SP2|E|Criação de novos deeplinks de produtos VIDA e Viagem;EM EXECUCAO;08/03/2023 12:43;07/06/2023 16:25;;SGTIJIRA01-1290Novas Jornadas Correntistas - célula com foco na oferta de novos produtos de seguros para correntistas;DIG Novas Jornadas Correntista;;;
Épico;SDIGVSBV00-14222;PI#10|SP3|R|Oferta Contextual Residencial no Viagem;EM EXECUCAO;29/03/2023 11:52;07/06/2023 16:24;;SGTIJIRA01-1290Novas Jornadas Correntistas - célula com foco na oferta de novos produtos de seguros para correntistas;DIG Novas Jornadas Correntista;;;PI#10
Épico;SDIGVSBV00-5825;PI#7|SP4|R|Feedback na jornada de cancelamento[APP][VIDA];EM EXECUCAO;22/03/2022 09:38;07/06/2023 15:56;;SGTIJIRA01-1606Vila BVP - Célula Fidelização Vida;BVP Fidelização Vida;SDIGVSBV00-15664, SDIGVSBV00-15147, SDIGVSBV00-15148, SDIGVSBV00-15734, SDIGVSBV00-16390, SDIGVSBV00-14604;;PI#10, PI#7, PI#8, PI#9
Épico;SDIGVSBV00-11560;Habilitador|E33|E|C9|API de Conexão – API de Proponente;EXPERIENCIA VALIDADA;29/11/2022 14:34;07/06/2023 13:49;;SGTIJIRA01-1648Vila BVP - Célula Corporate Vida;BVP Corporate Vida;;;Habilitador
Épico;SOPIVSPR00-2920;|E|VIDA| Organizar o fluxo contínuo de serviços (APIs) por Domínio de Negócio;EM EXECUCAO;22/05/2023 13:42;07/06/2023 13:22;;SGTIJIRA01-1176Open Insurance - Fase II - BVP;DIG OpenInsurance Vida Parcerias;;;
Épico;SDIGVSBV00-11561;|Habilitador|E34|E|C9|API de Conexão – Expor API no CA Gateway de Manutenção de Proponente;EXPERIENCIA VALIDADA;29/11/2022 14:35;07/06/2023 11:54;;SGTIJIRA01-1648Vila BVP - Célula Corporate Vida;BVP Corporate Vida;;;Habilitador
Épico;SDIGVSBV00-14473;Habilitador|E38|E|C9|Exposição do CA GATWAY do : BVP - Manutenção de Segurado e Beneficiário AppBSC;PRIORIZADO;10/04/2023 14:10;07/06/2023 11:52;;SGTIJIRA01-1648Vila BVP - Célula Corporate Vida;BVP Corporate Vida;;;Habilitador
Épico;SDIGVSBV00-11603;PI#9|SP4|R|Cobrança Demais Bancos;EM EXECUCAO;29/11/2022 21:10;07/06/2023 10:49;;SGTIJIRA01-1038Seguro Prestamista - Melhorias Operacionais e Projetos Estruturantes;BVP Prestamista;SDIGVSBV00-11794;;PI#10, PI#9
Épico;SOPIVSPR00-3013;|E|VIDA| MS de Proposta;DETALHADO;05/06/2023 13:19;07/06/2023 09:51;;SGTIJIRA01-1142Open Insurance - Fase II - DIGITAL;DIG OpenInsurance Vida Parcerias;;;
Épico;SDIGVSBV00-14371;Habilitador|E37|R|C9| Acompanhamento de proposta de Adesão;PRIORIZADO;04/04/2023 16:28;07/06/2023 09:46;;SGTIJIRA01-1648Vila BVP - Célula Corporate Vida;BVP Corporate Vida;;;Habilitador
Épico;SDIGVSBV00-11687;PI#9|SP1|R|INCLUSÃO DE CAPTCHA NO LOGIN – SITE PREV NÃO CORRENTISTA;EM EXECUCAO;01/12/2022 15:59;07/06/2023 09:23;;SGTIJIRA01-1566Vila BVP - Célula Não Correntista;BVP Não Correntista;;;PI#10, PI#9
Épico;SDIGVSBV00-15797;PI#10|SP3|R|Alterar Dia de Pagamento da Contribuição - Não Correntista versão Mobile;EM EXECUCAO;25/05/2023 16:30;07/06/2023 08:51;;SGTIJIRA01-1602Vila BVP - Célula Fidelização Previdência;BVP Fidelização Previdencia;;;PI#10
Épico;SDIGVSBV00-11171;Novo Menu de Serviços site Corporate – histórias do usuário;EM EXECUCAO;08/11/2022 16:47;07/06/2023 08:16;;SGTIJIRA01-1307Vila BVP - Célula Corporate Previdência;BVP Corporate Prev;;;
Épico;SDIGVSBV00-14588;PI#10| SP2 |R| PIS - Seleção do motor de subscrição com base no produto;EM EXECUCAO;12/04/2023 09:55;06/06/2023 17:16;;SGTIJIRA01-1311Vila BVP - Célula Subscrição e Analytics;BVP Atuarial - Subscrição/Analytics;SDIGVSBV00-14395;;PI#10
Épico;SDIGVSBV00-14515;PI#10|SP4|R| Incluir no produto empresarial flexível a subscrição de análise por Cobertura e Grupo CNAE.;EM EXECUCAO;11/04/2023 13:53;06/06/2023 16:03;;SGTIJIRA01-1543Vila BVP - Célula de Contratação Vida;BVP Contratação Vida;SDIGVSBV00-14697, SDIGVSBV00-14705, SDIGVSBV00-14701, SDIGVSBV00-14702, SDIGVSBV00-14704, SDIGVSBV00-14707;;PI#10
Épico;SDIGVSBV00-14448;PI#10|SP3|R|Alterar Dia de Pagamento da Contribuição - Não Correntista;EXECUTADO;06/04/2023 15:53;06/06/2023 11:30;;SGTIJIRA01-1602Vila BVP - Célula Fidelização Previdência;BVP Fidelização Previdencia;SDIGVSBV00-14535, SDIGVSBV00-14636, SDIGVSBV00-11516;;PI#10
Épico;SDIGVCOR00-11364;PI#10|SP1|R|E22 - Comissão sobre TAF - Previdência;EM EXECUCAO;09/02/2022 10:50;06/06/2023 10:19;;SGTIJIRA01-1480Vila BVP - Célula Corretor Vida;BVP Corretor;SDIGVCOR00-19517, SDIGVCOR00-28865;;PI#10, PI#11, PI#12, PI#13
Épico;SDIGVSBV00-5534;PI#7|SP4|R|Acompanhamento dos comunicados de sinistro vida e previdência no Portal Institucional;EM EXECUCAO;04/03/2022 07:24;06/06/2023 10:13;;SGTIJIRA01-1604Vila BVP - Célula Sinistro;BVP Sinistro;SDIGVSBV00-970, SDIGVSBV00-8347, SDIGVSBV00-8821, SDIGVSBV00-5554, SDIGVSBV00-8888, SDIGVSBV00-14533;;PI#10, PI#7, PI#8, PI#9
Épico;SDIGVSBV00-12401;Habilitador|E36|E|C9|Jornada de serviços Aceite Digital para Apólices Específicas;EXPERIENCIA VALIDADA;21/12/2022 14:19;06/06/2023 09:55;;SGTIJIRA01-1648Vila BVP - Célula Corporate Vida;BVP Corporate Vida;;;Habilitador
Épico;SDIGVSBV00-3169;PI#6|SP3|R|Restruturação Jornada de Aporte - IB;EM EXECUCAO;02/12/2021 10:37;05/06/2023 16:44;;SGTIJIRA01-1644Vila BVP - Célula Contratação Previdência;BVP Contratação Prev;;;PI#10, PI#6, PI#7, PI#8, PI#9
Épico;SDIGVSBV00-14106;PI#10|SP4|R|Destaque Planos Lançamento - Target Date;EM EXECUCAO;23/03/2023 14:56;05/06/2023 15:55;;SGTIJIRA01-1644Vila BVP - Célula Contratação Previdência;BVP Contratação Prev;SDIGVSBV00-14726;;PI#10
Épico;SDIGVSBV00-11913;PI#9|SP4|E| Empresarial Flexível - CAPITAL GLOBAL [PORTAL CORRETOR] (MVP2);DETALHADO;07/12/2022 12:19;05/06/2023 15:39;;SGTIJIRA01-944Célula com foco em expansão da comercialização dos produtos de VIDA;BVP Contratação Vida;;;PI#9
Épico;SOPIVSPR00-2211;PI#10|SP03|R|E05|PREV| MANUTENÇÃO DADOS COBRANÇA;EM EXECUCAO;09/03/2023 10:48;05/06/2023 14:28;;SGTIJIRA01-1142Open Insurance - Fase II - DIGITAL;DIG OpenInsurance Previdencia Parcerias;;;PI#10
Épico;SDIGVSBV00-8609;Estudo módulo de Configurações de Contrato fase 2 – contemplando evento faturável;IDENTIFICADO;18/07/2022 10:19;05/06/2023 14:12;;SGTIJIRA01-939Vila BVP - Célula Corporate Previdência;BVP Corporate Prev;;;
Épico;SDIGVSBV00-4904;Módulo de Configuração de Contratos Corporate;IDENTIFICADO;27/01/2022 09:33;05/06/2023 14:12;;SGTIJIRA01-939Vila BVP - Célula Corporate Previdência;BVP Corporate Prev;SDIGVSBV00-6172, SDIGVSBV00-8209;;
Épico;SDIGVSBV00-11172;Demonstrativo de Movimentações versão Mobile (Perfil Participante);DETALHADO;08/11/2022 16:48;05/06/2023 14:09;;SGTIJIRA01-1307Vila BVP - Célula Corporate Previdência;BVP Corporate Prev;SDIGVSBV00-11641;;
Épico;SDIGVSBV00-8606;Protótipo do Histórico e Cancelamento de Transferência – Clientes Corporate Previdência - Web e Mobile;DETALHADO;18/07/2022 09:46;05/06/2023 14:09;;SGTIJIRA01-1307Vila BVP - Célula Corporate Previdência;BVP Corporate Prev;SDIGVSBV00-8814, SDIGVSBV00-11828;;
Épico;SDIGVSBV00-4905;Protótipo da Transferência de Reserva – Clientes Corporate Previdência - Web e Mobile;DETALHADO;27/01/2022 09:37;05/06/2023 14:09;;SGTIJIRA01-1307Vila BVP - Célula Corporate Previdência;BVP Corporate Prev;SDIGVSBV00-6099, SDIGVSBV00-11828;;
Épico;SDIGVSBV00-6001;PI#7 | SP04 | E | EMP. FLEX | Desenho da solução Processo de Emissão [SERVIÇOS p/ CAPITAL GLOBAL];EXECUTADO;24/03/2022 15:18;02/06/2023 15:37;;SGTIJIRA01-944Célula com foco em expansão da comercialização dos produtos de VIDA;BVP Contratação Vida;SDIGVSBV00-6192;;PI#7
Épico;SDIGVSBV00-5999;PI#7 | SP04 | E | EMP. FLEX | Desenho da solução Transmissão da Proposta [SERVIÇOS p/ CAPITAL GLOBAL];DETALHADO;24/03/2022 15:10;02/06/2023 14:47;;SGTIJIRA01-944Célula com foco em expansão da comercialização dos produtos de VIDA;BVP Contratação Vida;SDIGVSBV00-6161;;PI#7
Épico;SDIGVSBV00-6254;PI#7 | SP04 | R | EMP. FLEX | Processo de cadastro de Estipulante [DESENV / IMPLANTAÇÃO];DETALHADO;29/03/2022 08:38;02/06/2023 14:47;;SGTIJIRA01-944Célula com foco em expansão da comercialização dos produtos de VIDA;BVP Contratação Vida;SDIGVSBV00-6262;;PI#7
Épico;SDIGVSBV00-10131;PI#8|SP3|E| EMP. FLEX | Capital Global - Fluxo de Exceção/Msgs Alerta;EXPERIENCIA VALIDADA;02/09/2022 15:22;02/06/2023 14:47;;SGTIJIRA01-944Célula com foco em expansão da comercialização dos produtos de VIDA;BVP Contratação Vida;;;PI#8
Épico;SDIGVSBV00-14560;PI#10|SP3|R|Seguro Viagem - Comercialização;PRIORIZADO;11/04/2023 16:47;02/06/2023 13:28;;SGTIJIRA01-1362Portal Clientes;DIG Portal Clientes;SDIGVSBV00-15778;;PI#10
Épico;SDIGVSBV00-16037;PI#1|SP4|R|01| Seguro Prestamista - Criação e inclusão da jornada contratação da reoferta, para produto Crédito Consignado Público e Privado;EM EXECUCAO;24/06/2022 10:55;02/06/2023 13:26;;SGTIJIRA01-1650Vila BVP - Célula Seguro Prestamista;BVP Vida e Prestamista - Novas Soluções;SDIGVSBV00-15967, SDIGVSBV00-15986, SDIGVSBV00-11045, SDIGVSBV00-15985;;PI#1, PI#10, PI#2
Épico;SDIGVSBV00-15974;PI#2|SP4|R|02| Envio de Notificações do tipo Alerta e Push via canal mobile de Reoferta Seguro Prestamista, para produto Consignado Público/Privado;EM EXECUCAO;03/10/2022 16:20;02/06/2023 13:26;;SGTIJIRA01-1650Vila BVP - Célula Seguro Prestamista;BVP Vida e Prestamista - Novas Soluções;SDIGVSBV00-15967;;PI#10, PI#2
Épico;SDIGVSBV00-15967;PI#2|SP4|R|03| Integração de dados entre BVP e DEF;EM EXECUCAO;03/10/2022 16:05;02/06/2023 13:26;;SGTIJIRA01-1650Vila BVP - Célula Seguro Prestamista;BVP Vida e Prestamista - Novas Soluções;SDIGVSBV00-15974, SDIGVSBV00-16037, SDIGVSBV00-15973;;PI#10, PI#2
Épico;SDIGVSBV00-15928;PI#10|SP4|R| Prestamista - Inibir cancelamentos Prestamista no IB/Mobile;DETALHADO;11/04/2023 16:38;02/06/2023 13:26;;SGTIJIRA01-1650Vila BVP - Célula Seguro Prestamista;BVP Vida e Prestamista - Novas Soluções;;;PI#10
Épico;SDIGVSBV00-5989;PI#8|SP04|E|EMP. FLEX | Múltiplo Salarial [JORNADA];EXPERIENCIA VALIDADA;24/03/2022 14:36;02/06/2023 10:43;;SGTIJIRA01-944Célula com foco em expansão da comercialização dos produtos de VIDA;BVP Contratação Vida;;;PI#7, PI#8
Épico;SDIGVSBV00-14591;PI#10|SP4|R| Consumir APIs corporativas no front;EM EXECUCAO;12/04/2023 10:22;02/06/2023 10:42;;SGTIJIRA01-1543Vila BVP - Célula de Contratação Vida;BVP Contratação Vida;;;PI#10
Épico;SDIGVSBV00-14453;PI#10|SP4|R| MELHORIAS SEGURO VIAGEM EMISSAO ON-LINE - EXTRAÇÃO - CONSULTA DE PROPOSTA;EM EXECUCAO;06/04/2023 17:37;02/06/2023 10:42;;SGTIJIRA01-1543Vila BVP - Célula de Contratação Vida;BVP Contratação Vida;SDIGVSBV00-14753;;PI#10
Épico;SDIGVSBV00-8674;PI#8|SP4|R| Empresarial Flexível - CAPITAL GLOBAL [PORTAL CORRETOR] (MVP1);EM EXECUCAO;18/07/2022 14:18;02/06/2023 10:41;;SGTIJIRA01-1543Vila BVP - Célula de Contratação Vida;BVP Contratação Vida;SDIGVSBV00-14697, SDIGVSBV00-14705, SDIGVSBV00-14701, SDIGVSBV00-14702, SDIGVSBV00-14704, SDIGVSBV00-14706, SDIGVSBV00-14710, SDIGVSBV00-15735, SDIGVSBV00-14699, SDIGVSBV00-14703, SDIGVSBV00-14708, SDIGVSBV00-14707, SDIGVSBV00-14709;;PI#10, PI#8, PI#9
Épico;SDIGVSBV00-14452;PI#10|SP4|R| MELHORIAS SEGURO VIAGEM EMISSAO ON-LINE - LOG DE EMISSÃO;EM EXECUCAO;06/04/2023 16:47;02/06/2023 10:41;;SGTIJIRA01-1543Vila BVP - Célula de Contratação Vida;BVP Contratação Vida;SDIGVSBV00-14753;;PI#10
Épico;SDIGVSBV00-8676;PI#8|SP4|R| Empresarial Flexível - CAPITAL GLOBAL [BACKEND/ SERVIÇOS] (MVP1);EM EXECUCAO;18/07/2022 14:23;02/06/2023 10:40;;SGTIJIRA01-1543Vila BVP - Célula de Contratação Vida;BVP Contratação Vida;SDIGVSBV00-14697, SDIGVSBV00-14694, SDIGVSBV00-14701, SDIGVSBV00-14702, SDIGVSBV00-14704, SDIGVSBV00-14710, SDIGVSBV00-15735, SDIGVSBV00-14699, SDIGVSBV00-14703, SDIGVSBV00-14708, SDIGVSBV00-14707, SDIGVSBV00-14709, SDIGVSBV00-13306;;PI#10, PI#8, PI#9
Épico;SDIGVSBV00-3540;PI#7|SP2|R|Disponibilização de formas de pagamentos (Boleto) no Portal BS - Previdência;IDENTIFICADO;13/12/2021 09:16;01/06/2023 16:06;;SGTIJIRA01-1602Vila BVP - Célula Fidelização Previdência;BVP Fidelização Previdencia;;;
Épico;SDIGVSBV00-15660;MVP 2 - Jornada web/mobile de Login Novo Portal Corporate;IDENTIFICADO;16/05/2023 08:44;01/06/2023 14:53;;SGTIJIRA01-1307Vila BVP - Célula Corporate Previdência;BVP Corporate Prev;;;
Épico;SDIGVSBV00-6083;PI#9|SP4|E05|R|C9| Manutenção beneficiários appBSC (Serviço);EM EXECUCAO;26/03/2022 19:35;01/06/2023 08:43;;SGTIJIRA01-1648Vila BVP - Célula Corporate Vida;BVP Corporate Vida;SDIGVSBV00-13492, SDIGVSBV00-13809;;PI#10, PI#9
Épico;SDIGVSBV00-2842;PI#9|SP4|E04|R|C9|Manutenção dados cadastrais appBSC (Serviço);EM EXECUCAO;17/11/2021 11:30;01/06/2023 08:43;;SGTIJIRA01-1648Vila BVP - Célula Corporate Vida;BVP Corporate Vida;;;PI#10, PI#9
Épico;SDIGVSBV00-16203;Atualizações no Site Corporate;IDENTIFICADO;31/05/2023 11:52;31/05/2023 14:07;;SGTIJIRA01-939Vila BVP - Célula Corporate Previdência;BVP Corporate Prev;;;
Épico;SDIGVSBV00-373;PI#10|SP1|R| Portabilidade Interna autosserviço 1 para 1 - Implementação do token[APP][PREV];DETALHADO;18/05/2021 20:01;31/05/2023 13:55;;SGTIJIRA01-1606Vila BVP - Célula Fidelização Vida;BVP Fidelização Vida;SDIGVSBV00-11497, SDIGVSBV00-14878;;PI#10
Épico;SDIGVSBV00-5982;PI#7|SP2|R|Contratação de Risco - Jornada Contratação Prev - APP;EM EXECUCAO;24/03/2022 11:25;31/05/2023 11:45;;SGTIJIRA01-1644Vila BVP - Célula Contratação Previdência;BVP Contratação Prev;;;PI#10, PI#7, PI#8, PI#9
Épico;SOPIVSPR00-2195;PI#10|SP02|R|E02|PREV| DOCUMENTOS PROPOSTAS - MS PROPOSTA;EM EXECUCAO;09/03/2023 10:22;31/05/2023 10:13;;SGTIJIRA01-1142Open Insurance - Fase II - DIGITAL;DIG OpenInsurance Previdencia Parcerias;SOPIVSPR00-3006;;PI#10, PI#2
Épico;SOPIVSPR00-2188;PI#2|SP01|R|E05|PREV| MS de Produto - Manutenção de Produto;EM EXECUCAO;08/03/2023 16:24;31/05/2023 10:13;;SGTIJIRA01-1142Open Insurance - Fase II - DIGITAL;DIG OpenInsurance Previdencia Parcerias;SOPIVSPR00-3004, SOPIVSPR00-3005;;PI#10, PI#2
Épico;SOPIVSPR00-2296;PI#2|SP01|R|E05|PREV| MS de Proposta - Manutenção de Proposta;EM EXECUCAO;15/03/2023 15:34;31/05/2023 10:12;;SGTIJIRA01-1142Open Insurance - Fase II - DIGITAL;DIG OpenInsurance Previdencia Parcerias;SOPIVSPR00-3004;;PI#10, PI#2
Épico;SDIGVSBV00-15946;PI#10|SP4|E| Prestamista - Produto Individual para Contas de Consumo;PRIORIZADO;21/03/2023 14:24;30/05/2023 15:48;;SGTIJIRA01-1650Vila BVP - Célula Seguro Prestamista;BVP Vida e Prestamista - Novas Soluções;;;
Épico;SDIGVSBV00-15914;Estruturante Técnico - Combo de oferta Dental + Vida Viva;IDENTIFICADO;29/05/2023 16:00;29/05/2023 16:00;;SGTIJIRA01-1290Novas Jornadas Correntistas - célula com foco na oferta de novos produtos de seguros para correntistas;DIG Novas Jornadas Correntista;;;PI#9
Épico;SDIGVSBV00-14848;PI#10|SP1|E|REFORMULAÇÃO VISUAL DO SITE PREV - CONSULTA/CANCELAMENTO DE APORTES;EXPERIENCIA VALIDADA;14/04/2023 17:24;29/05/2023 15:22;;SGTIJIRA01-1566Vila BVP - Célula Não Correntista;BVP Não Correntista;;;
Épico;SDIGVSBV00-10919;PI#9|SP4|E| Combo de oferta Dental + Vida Viva;DETALHADO;24/10/2022 20:02;29/05/2023 15:15;;SGTIJIRA01-1290Novas Jornadas Correntistas - célula com foco na oferta de novos produtos de seguros para correntistas;DIG Novas Jornadas Correntista;SDIGVSBV00-13712, SDIGVSBV00-14761;;PI#9
Épico;SDIGVSBV00-14271;PI#10| SP4 |E| PIS – Questionário por árvore decisória;PRIORIZADO;31/03/2023 07:15;29/05/2023 15:05;;SGTIJIRA01-1311Vila BVP - Célula Subscrição e Analytics;BVP Atuarial - Subscrição/Analytics;;;
Épico;SDIGVSBV00-14748;PI#10| Informe de Rentabilidade do Cliente;PRIORIZADO;13/04/2023 14:44;29/05/2023 11:52;;SGTIJIRA01-1602Vila BVP - Célula Fidelização Previdência;BVP Fidelização Previdencia;;;
Épico;SDIGVSBV00-14421;PI#10|SP4|R|Banco Deutsch;EM EXECUCAO;06/04/2023 08:45;29/05/2023 11:33;;SGTIJIRA01-1650Vila BVP - Célula Seguro Prestamista;BVP Prestamista;SDIGVSBV00-14571, SDIGVSBV00-14570;;PI#10
Épico;SDIGVSBV00-11445;PI#9|SP4|E|VIDA – Eliminar formulário físico de Autorização para Crédito, com previsibilidade para PIX;PRIORIZADO;23/11/2022 15:49;29/05/2023 09:06;;SGTIJIRA01-1604Vila BVP - Célula Sinistro;BVP Sinistro;;;PI#9
Épico;SDIGVSBV00-6460;Reoferta Prestamista;IDENTIFICADO;30/03/2022 08:35;29/05/2023 07:32;;;BVP Prestamista;;;
Épico;SDIGVSBV00-15132;PI#10|SP4|E| Integração dos dados dos relatórios;DETALHADO;20/04/2023 10:39;25/05/2023 11:53;;SGTIJIRA01-1305Vila BVP - Célula CRM;BVP CRM;;;
Épico;SDIGVSBV00-5981;PI#7|SP4|E|Portabilidade Externa de Entrada - APP;DETALHADO;24/03/2022 11:20;25/05/2023 10:50;;SGTIJIRA01-1644Vila BVP - Célula Contratação Previdência;BVP Contratação Prev;SDIGVSBV00-14384;;PI#7, PI#8, PI#9
Épico;SDIGVSBV00-15786;Implantação Vendas Volvo;IDENTIFICADO;25/05/2023 09:43;25/05/2023 09:43;;SGTIJIRA01-1650Vila BVP - Célula Seguro Prestamista;BVP Prestamista;;;
Épico;SDIGVSBV00-869;PI#5|SP3|E869|R|C6|Melhorias 2ª via Boleto Vida - Portal Institucional|Priorizado|H01-H03|Aprovação da Experiência;EM EXECUCAO;06/08/2021 19:30;25/05/2023 08:59;;SGTIJIRA01-1362Portal Clientes;DIG Portal Clientes;;;PI#5
Épico;SDIGVCOR00-25107;PI#13|SP4|E|E39 - Seguro para Pessoa Chave;PRIORIZADO;30/01/2023 23:39;22/05/2023 16:36;;SGTIJIRA01-1480Vila BVP - Célula Corretor Vida;BVP Corretor;;;PI#13
Épico;SDIGVSBV00-15209;PI#10|SP4|E|REFORMULAÇÃO SITE PREV - ALTERAR SENHA;EM EXECUCAO;23/04/2023 20:48;22/05/2023 14:55;;SGTIJIRA01-1566Vila BVP - Célula Não Correntista;BVP Não Correntista;;;
Épico;SDIGVSBV00-8599;PI#8|SP3|R|INTEGRAÇÃO GIBS COM SITE PREV;EM EXECUCAO;17/07/2022 22:40;22/05/2023 14:37;;SGTIJIRA01-1566Vila BVP - Célula Não Correntista;BVP Não Correntista;;;PI#10, PI#8, PI#9
Épico;SDIGVSBV00-14270;[PIS] | PI#10| SP4 |R| Integração PIS x Salesforce – API de retorno do Parecer;EM EXECUCAO;31/03/2023 07:13;22/05/2023 10:43;;SGTIJIRA01-1311Vila BVP - Célula Subscrição e Analytics;BVP Atuarial - Subscrição/Analytics;SDIGVSBV00-14395;;PI#10
Épico;SDIGVSBV00-8202;PI#8| SP4 |E| API que consulta Sinistros Reclamados;IDENTIFICADO;10/06/2022 15:14;22/05/2023 10:43;;SGTIJIRA01-1311Vila BVP - Célula Subscrição e Analytics;BVP Atuarial - Subscrição/Analytics;SDIGVSBV00-11581, SDIGVSBV00-11955;;PI#8, PI#9, PI#9| Entre Pis | Subscrição e Analytics
Épico;SDIGVSBV00-7644;PI#7|SP4|E|VIDA - Jornada de Resgate com validação de Biometria Facial;DETALHADO;16/05/2022 10:46;22/05/2023 10:43;;SGTIJIRA01-946Vila BVP - Célula Resgate Vida e Previdência;BVP Resgate;;;PI#7
Épico;SDIGVSBV00-11317;PI#9 | SP4|E| PREV-Criação de forma de pagamento de Resgate Via Pix;PRIORIZADO;16/11/2022 11:19;22/05/2023 10:42;;SGTIJIRA01-946Vila BVP - Célula Resgate Vida e Previdência;BVP Resgate;;;PI#9
Épico;SDIGVSBV00-15463;Backlog|SP|E|Acompanhamento dos comunicados de sinistro Vida e Previdência no Portal de Negócios;IDENTIFICADO;08/05/2023 10:52;22/05/2023 10:41;;SGTIJIRA01-1604Vila BVP - Célula Sinistro;BVP Sinistro;;;
Épico;SDIGVSBV00-15462;Backlog|SP|E|Abertura de comunicado de sinistro Vida e Previdência - Portal de Negócios;IDENTIFICADO;08/05/2023 10:42;22/05/2023 10:41;;SGTIJIRA01-1604Vila BVP - Célula Sinistro;BVP Sinistro;;;
Épico;SDIGVCOR00-28903;PI#14|SP1|R| - Melhoria na estrutura de vendas - Corretor mercado;IDENTIFICADO;10/05/2023 14:29;22/05/2023 10:40;;SGTIJIRA01-1646Vila BVP - Célula Corretor Previdência;BVP Corretor Previdência;;;PI#14
Épico;SDIGVCOR00-25115;PI#13|SP4|E|E38 - Transferência Interna (1 para 1) – Previdência;EXPERIENCIA VALIDADA;31/01/2023 00:14;19/05/2023 14:03;;SGTIJIRA01-1480Vila BVP - Célula Corretor Vida;BVP Corretor;;;PI#13
Épico;SDIGVCOR00-29175;Inclusão de saldos por proposta;IDENTIFICADO;19/05/2023 11:57;19/05/2023 12:04;;SGTIJIRA01-1646Vila BVP - Célula Corretor Previdência;BVP Corretor Previdência;;;
Épico;SOPIVSPR00-2216;PI#10|SP04|R|E06|PREV| MANUTENÇÃO DADOS PROPOSTAS;EM EXECUCAO;09/03/2023 10:53;19/05/2023 10:07;;SGTIJIRA01-1142Open Insurance - Fase II - DIGITAL;DIG OpenInsurance Previdencia Parcerias;;;PI#10
Épico;SDIGVSBV00-15206;PI#10|SP4|E|REFORMULAÇÃO SITE PREV - ALTERAR E-MAIL;EM EXECUCAO;23/04/2023 20:42;19/05/2023 09:17;;SGTIJIRA01-1566Vila BVP - Célula Não Correntista;BVP Não Correntista;;;
Épico;SOPIVSPR00-2204;PI#10|SP01|E|E04|PREV| HABILITAR ENDPOINTS NO APIM - MANUTENÇÃO DE PROPOSTAS;DETALHADO;09/03/2023 10:38;19/05/2023 08:50;;SGTIJIRA01-1142Open Insurance - Fase II - DIGITAL;DIG OpenInsurance Previdencia Parcerias;;;
Épico;SOPIVSPR00-2190;PI#10|SP01|E|E01|PREV| HABILITAR ENDPOINTS NO APIM - DOCUMENTOS PROPOSTAS;EM EXECUCAO;09/03/2023 10:15;19/05/2023 08:50;;SGTIJIRA01-1142Open Insurance - Fase II - DIGITAL;DIG OpenInsurance Previdencia Parcerias;;;
Épico;SOPIVSPR00-2199;PI#10|SP01|E|E03|PREV| HABILITAR ENDPOINTS NO APIM - MANUTENÇÃO DE COBRANÇA;EM EXECUCAO;09/03/2023 10:33;19/05/2023 08:50;;SGTIJIRA01-1142Open Insurance - Fase II - DIGITAL;DIG OpenInsurance Previdencia Parcerias;;;
Épico;SDIGVCOR00-5072;PI#8|SP6|E07|E|Comunicados de sinistro - Vida|Priorizado|H01-H04|Teste de usabilidade acima de 68%;IDENTIFICADO;20/06/2021 23:30;18/05/2023 15:49;;SGTIJIRA01-37Vila BVP Vida - Contratação e Desmaterialização;BVP Corretor;;;PI#8
Épico;SDIGVSBV00-1631;PI#7|SP3|R|Upload de propostas com Leitor QR Code - PIS;IDENTIFICADO;08/09/2021 19:52;17/05/2023 18:14;;SGTIJIRA01-1602Vila BVP - Célula Fidelização Previdência;BVP Fidelização Previdencia;SDIGVSBV00-5097, SDIGVSBV00-13087, SGTIJIRA01-1603;;
Épico;SDIGVSBV00-5823;PI#7|SP4|E|Jornada Consulta de Saldos [WHATSAPP] [PREV];IDENTIFICADO;22/03/2022 09:28;17/05/2023 18:14;;SGTIJIRA01-948Vila BVP - Fidelização: célula com foco em gestão ativa do cliente, com ações que promovam a fidelização evitando a saída dos clientes;BVP Fidelização Vida;SDIGVSBV00-6193;;PI#7, PI#8
Épico;SDIGVSBV00-5824;PI#7|SP4|E|Adaptação de Jornada [BSC] [VIDA] [PREV];IDENTIFICADO;22/03/2022 09:35;17/05/2023 18:13;;SGTIJIRA01-948Vila BVP - Fidelização: célula com foco em gestão ativa do cliente, com ações que promovam a fidelização evitando a saída dos clientes;BVP Fidelização Vida;SDIGVSBV00-10842;;PI#7, PI#8
Épico;SDIGVSBV00-5829;PI#7|SP4|E|Régua de Relacionamento [PREV];IDENTIFICADO;22/03/2022 10:16;17/05/2023 18:13;;SGTIJIRA01-948Vila BVP - Fidelização: célula com foco em gestão ativa do cliente, com ações que promovam a fidelização evitando a saída dos clientes;BVP Fidelização Vida;;;PI#7, PI#8
Épico;SDIGVSBV00-10848;PI#10|SP4|E|Visualização de faturas de pagamento em aberto[BSC][VIDA];IDENTIFICADO;17/10/2022 12:44;17/05/2023 18:11;;SGTIJIRA01-948Vila BVP - Fidelização: célula com foco em gestão ativa do cliente, com ações que promovam a fidelização evitando a saída dos clientes;BVP Fidelização Vida;SDIGVSBV00-6057;;
Épico;SDIGVSBV00-11519;PI#9|SP4|E|Notificação de Inadimplência - Atualizar SAP [Prev];IDENTIFICADO;28/11/2022 08:35;17/05/2023 18:11;;SGTIJIRA01-940Vila BVP - Foco em transformação Digital nas Manutenções Vida e Previdência;BVP Fidelização Previdencia;;;
Épico;SDIGVSBV00-11518;PI#9|SP4|E|Notificação de Inadimplência - Atualizar SAP [Vida];EXPERIENCIA VALIDADA;28/11/2022 08:34;17/05/2023 18:10;;SGTIJIRA01-940Vila BVP - Foco em transformação Digital nas Manutenções Vida e Previdência;BVP Fidelização Vida;;;PI#9
Épico;SDIGVSBV00-14455;PI#10|SP4|E|Re-oferta pós Feedback pós motivos de cancelamento (Feedback de Cancelamento)[APP][VIDA];PRIORIZADO;06/04/2023 23:27;17/05/2023 18:10;;SGTIJIRA01-1606Vila BVP - Célula Fidelização Vida;BVP Fidelização Vida;;;
Épico;SDIGVSBV00-14450;PI#10|SP4|R|Consultar e Cancelar Solicitações Efetuadas no Dia - Não Correntista;IDENTIFICADO;06/04/2023 16:00;17/05/2023 18:07;;SGTIJIRA01-1602Vila BVP - Célula Fidelização Previdência;BVP Fidelização Previdencia;SDIGVSBV00-11516;;
Épico;SDIGVSBV00-14454;PI#10|SP4|E|Envio de boleto através do e-mail[APP][VIDA];IDENTIFICADO;06/04/2023 23:25;17/05/2023 18:07;;SGTIJIRA01-1606Vila BVP - Célula Fidelização Vida;BVP Fidelização Vida;;;
Épico;SDIGVSBV00-14458;Exibir informações de carência dos planos[APP][VIDA];IDENTIFICADO;06/04/2023 23:33;17/05/2023 18:07;;SGTIJIRA01-1606Vila BVP - Célula Fidelização Vida;BVP Fidelização Vida;;;
Épico;SDIGVSBV00-14459;Mostrar Status de pagamento da parcela no mobile banking[APP][VIDA];IDENTIFICADO;06/04/2023 23:36;17/05/2023 18:07;;SGTIJIRA01-1606Vila BVP - Célula Fidelização Vida;BVP Fidelização Vida;;;
Épico;SDIGVSBV00-14460;Exibir informações de carência dos planos[APP][VIDA];IDENTIFICADO;06/04/2023 23:37;17/05/2023 18:06;;SGTIJIRA01-1606Vila BVP - Célula Fidelização Vida;BVP Fidelização Vida;;;
Épico;SDIGVSBV00-14747;PI#10|Régua ATC vencida;IDENTIFICADO;13/04/2023 14:42;17/05/2023 18:04;;SGTIJIRA01-1602Vila BVP - Célula Fidelização Previdência;BVP Fidelização Previdencia;;;
Épico;SOPIVSPR00-758;PI#2|SP1|E|E01|PREV| Inclusão dos endpoints arquitetura de Microsserviço;IDENTIFICADO;08/09/2022 11:02;17/05/2023 17:52;;SGTIJIRA01-1157Open Insurance - Fase II;DIG OpenInsurance Previdencia Parcerias;;;
Épico;SDIGVSBV00-14269;[PIS] |PI#10| SP4 |R| Integração PIS x Salesforce – Módulo de envio da Proposta -  Cotação;EM EXECUCAO;31/03/2023 07:10;17/05/2023 12:00;;SGTIJIRA01-1311Vila BVP - Célula Subscrição e Analytics;BVP Atuarial - Subscrição/Analytics;SDIGVSBV00-14395;;PI#10
Épico;SDIGVSBV00-14600;PI#10|SP4|E|Epico tecnico para criar conceito de objetivo;IDENTIFICADO;12/04/2023 11:06;17/05/2023 10:17;;SGTIJIRA01-1644Vila BVP - Célula Contratação Previdência;BVP Contratação Prev;;;
Épico;SDIGVSBV00-11709;PI#9|SP4|E|MELHORIAS NA REFORMULAÇÃO VISUAL DO SITE PREV - SORTEIOS;PRIORIZADO;01/12/2022 16:52;16/05/2023 14:45;;SGTIJIRA01-941Célula com foco na Jornada de não correntistas;BVP Não Correntista;SDIGVSBV00-11740;;PI#9
Épico;SDIGVSBV00-14842;PI#10|SP4|E|PIVI - REFORMULAÇÃO VISUAL;PRIORIZADO;14/04/2023 16:58;16/05/2023 14:43;;SGTIJIRA01-1566Vila BVP - Célula Não Correntista;BVP Não Correntista;;;
Épico;SDIGVSBV00-7324;PI#10|SP4|E|Endossos Prestamista;PRIORIZADO;27/04/2022 10:46;16/05/2023 11:57;;SGTIJIRA01-950Seguro Prestamista - Novos Negócios , Oportunidades e Projetos Estruturantes;BVP Prestamista;;;PI#8, PI#9
Épico;SDIGVSBV00-14383;PI#10|SP4|E|Jornada de Contratação PREV com Objetivo;IDENTIFICADO;05/04/2023 09:39;16/05/2023 11:31;;SGTIJIRA01-1644Vila BVP - Célula Contratação Previdência;BVP Contratação Prev;;;
Épico;SDIGVSBV00-13472;Regras Contratuais e Custeio;IDENTIFICADO;13/02/2023 13:43;08/05/2023 17:05;;SGTIJIRA01-939Vila BVP - Célula Corporate Previdência;BVP Corporate Prev;;;
Épico;SDIGVSBV00-15203;PI#10|SP4|E|REFORMULAÇÃO SITE PREV - COMPROVANTES - EXTRATO ANUAL DE PAGAMENTO;DETALHADO;23/04/2023 20:35;05/05/2023 15:35;;SGTIJIRA01-1566Vila BVP - Célula Não Correntista;BVP Não Correntista;;;
Épico;SDIGVSBV00-15200;PI#10|SP4|E|REFORMULAÇÃO SITE PREV - COMPROVANTES - PAGAMENTO DE PENSIONISTA;DETALHADO;23/04/2023 20:28;05/05/2023 15:30;;SGTIJIRA01-1566Vila BVP - Célula Não Correntista;BVP Não Correntista;;;
Épico;SDIGVSBV00-15194;PI#10|SP4|E|REFORMULAÇÃO SITE PREV - MEUS PLANOS - CERTIFICADOS DOS PLANOS;EM EXECUCAO;23/04/2023 20:13;05/05/2023 15:20;;SGTIJIRA01-1566Vila BVP - Célula Não Correntista;BVP Não Correntista;;;
Épico;SDIGVSBV00-15192;PI#10|SP4|E|INCLUSÃO LINK LGPD SITE PREV;EM EXECUCAO;23/04/2023 20:01;05/05/2023 15:16;;SGTIJIRA01-1566Vila BVP - Célula Não Correntista;BVP Não Correntista;;;
Épico;SOPIVSPR00-863;PI#2|SP4|R|E01|PREV| Microsserviço de Produto - Implementação na Azure;EXECUTADO;29/09/2022 10:40;03/05/2023 11:23;;SGTIJIRA01-1142Open Insurance - Fase II - DIGITAL;DIG OpenInsurance Previdencia Parcerias;;;PI#2
Épico;SOPIVSPR00-874;PI#2|SP2|R|E04|PREV| Microsserviço de Proposta - Implementação na Azure;EXECUTADO;30/09/2022 15:12;03/05/2023 10:31;;SGTIJIRA01-1142Open Insurance - Fase II - DIGITAL;DIG OpenInsurance Previdencia Parcerias;;;PI#2
Épico;SOPIVSPR00-873;PI#2|SP1|R|E03|PREV| Microsserviço de Aporte - Implementação na Azure;EXECUTADO;30/09/2022 14:49;03/05/2023 10:27;;SGTIJIRA01-1142Open Insurance - Fase II - DIGITAL;DIG OpenInsurance Previdencia Parcerias;;;PI#2
Épico;SDIGVSBV00-14485;PI#10|SP4|R|INTEGRAÇÃO GIBS COM PIVI – FASE 2 – DESLIGAMENTO BUCB;EM EXECUCAO;10/04/2023 16:48;02/05/2023 23:15;;SGTIJIRA01-1566Vila BVP - Célula Não Correntista;BVP Não Correntista;;;PI#10
Épico;SDIGVCOR00-25113;PI#13|SP2|E|E37 - Informe de Rendimentos – Previdência;EXPERIENCIA VALIDADA;31/01/2023 00:07;28/04/2023 10:59;;SGTIJIRA01-1480Vila BVP - Célula Corretor Vida;BVP Corretor;;;PI#13
Épico;SDIGVSBV00-15232;Handover Adesão Digital;IDENTIFICADO;25/04/2023 09:53;26/04/2023 15:57;;SGTIJIRA01-1307Vila BVP - Célula Corporate Previdência;BVP Corporate Prev;;;
Épico;SDIGVSBV00-15231;Tagueamento Adesão Digital;IDENTIFICADO;25/04/2023 09:41;26/04/2023 15:54;;SGTIJIRA01-1307Vila BVP - Célula Corporate Previdência;BVP Corporate Prev;;;
Épico;SDIGVSBV00-14724;Tagueamento do Menu de Serviços .asp;IDENTIFICADO;13/04/2023 08:28;25/04/2023 09:47;;SGTIJIRA01-1307Vila BVP - Célula Corporate Previdência;BVP Corporate Prev;;;
Épico;SDIGVSBV00-15049;Tela de filtro para consulta do Adm. Corporate;IDENTIFICADO;19/04/2023 11:09;25/04/2023 09:46;;SGTIJIRA01-1307Vila BVP - Célula Corporate Previdência;BVP Corporate Prev;;;
Épico;SDIGVSBV00-8451;Backlog|E8451|E|VIDA|PREV - Relatórios Gerenciais e Dashboard;IDENTIFICADO;08/07/2022 10:53;20/04/2023 13:52;;SGTIJIRA01-942Célula Sinistro com foco em automatizar o processo de análise e regulação de sinistros de vida e previdência, redução de prazo regulatório e melhoria na experiência do usuário;BVP Sinistro;;;
Épico;SDIGVSBV00-8455;Backlog|SP|E8455|E|VIDA - Disponibilizar informações sobre o(s) beneficiário(s) - Produtos prestamista;IDENTIFICADO;08/07/2022 11:08;20/04/2023 12:07;;SGTIJIRA01-942Célula Sinistro com foco em automatizar o processo de análise e regulação de sinistros de vida e previdência, redução de prazo regulatório e melhoria na experiência do usuário;BVP Sinistro;;;
Épico;SDIGVSBV00-11694;PI#9|SP4|R|AUTENTICAÇÃO EM 2 FATORES NO PIVI RESPONSIVO MOBILE;EM EXECUCAO;01/12/2022 16:39;19/04/2023 10:35;;SGTIJIRA01-1566Vila BVP - Célula Não Correntista;BVP Não Correntista;SDIGVSBV00-11840, SDIGVSBV00-14690;;PI#10, PI#9
Épico;SOPIVSPR00-1106;PI#2|SP6|E|1|Jornada de Contratação Bradesco Expresso (backend);EXPERIENCIA VALIDADA;25/10/2022 16:29;18/04/2023 15:39;;SGTIJIRA01-1142Open Insurance - Fase II - DIGITAL;DIG OpenInsurance Vida Parcerias;;;PI#2
Épico;SDIGVSBV00-11386;PI#9| SP4 |E| ADAC - API que forneça Score de Risco do ADAC;PRIORIZADO;21/11/2022 16:20;18/04/2023 14:59;;SGTIJIRA01-1311Vila BVP - Célula Subscrição e Analytics;BVP Atuarial - Subscrição/Analytics;;;PI#9, PI#9| Entre Pis | Subscrição e Analytics
Épico;SDIGVSBV00-10605;PI#8|SP4|E|Cisão Losango;EXPERIENCIA VALIDADA;29/09/2022 08:12;17/04/2023 09:16;;SGTIJIRA01-1038Seguro Prestamista - Melhorias Operacionais e Projetos Estruturantes;BVP Prestamista;;;PI#8
Épico;SDIGVSBV00-11099;PI#9|SP1|E|Pesquisa de Satisfação Jornada de vendas;IDENTIFICADO;28/10/2022 18:36;14/04/2023 12:06;;SGTIJIRA01-1290Novas Jornadas Correntistas - célula com foco na oferta de novos produtos de seguros para correntistas;DIG Novas Jornadas Correntista;;;PI#9
Épico;SDIGVSBV00-14268;PI#10| SP |R| Integração PIS x Salesforce – Módulo de envio da Proposta - Endosso;IDENTIFICADO;31/03/2023 07:04;14/04/2023 11:42;;SGTIJIRA01-1311Vila BVP - Célula Subscrição e Analytics;BVP Atuarial - Subscrição/Analytics;;;
Épico;SDIGVSBV00-11385;PI#9| SP4 |E| PIS - Avaliação de conectividade das API’s da Sales Force para o PIS;IDENTIFICADO;21/11/2022 16:17;14/04/2023 11:42;;SGTIJIRA01-1311Vila BVP - Célula Subscrição e Analytics;BVP Atuarial - Subscrição/Analytics;;;
Épico;SDIGVSBV00-14422;PI#10|SP3|R|Cagiro Parcerias;PRIORIZADO;06/04/2023 08:47;13/04/2023 12:07;;SGTIJIRA01-1650Vila BVP - Célula Seguro Prestamista;BVP Prestamista;;;
Épico;SDIGVSBV00-14442;PI#10|SP4|R|API Cobrança SAP;PRIORIZADO;06/04/2023 14:05;13/04/2023 12:07;;SGTIJIRA01-1650Vila BVP - Célula Seguro Prestamista;BVP Prestamista;;;
Épico;SDIGVCOR00-25109;PI#13|SP2|E|E35 - Seguro para MEI - Vida;EXPERIENCIA VALIDADA;30/01/2023 23:54;12/04/2023 16:43;;SGTIJIRA01-1480Vila BVP - Célula Corretor Vida;BVP Corretor;;;PI#13
Épico;SDIGVSBV00-8890;PI#8|SP4|E|Jornada de Contratação Previdência - Site Bradesco Seguros;EXPERIENCIA VALIDADA;19/07/2022 17:11;11/04/2023 08:04;;SGTIJIRA01-1644Vila BVP - Célula Contratação Previdência;BVP Contratação Prev;SDIGVSBV00-8892;;PI#8, PI#9
Épico;SDIGVSBV00-6437;PI#10|SP1|R|Cheque Empresarial - Vendas;DETALHADO;29/03/2022 22:57;06/04/2023 14:03;;SGTIJIRA01-950Seguro Prestamista - Novos Negócios , Oportunidades e Projetos Estruturantes;BVP Prestamista;;;PI#8
Épico;SDIGVCOR00-25105;PI#13|SP4|E|E33 - Estrutura de Venda – BVP Vida;EXPERIENCIA VALIDADA;30/01/2023 23:21;06/04/2023 13:41;;SGTIJIRA01-1480Vila BVP - Célula Corretor Vida;BVP Corretor;;;PI#13
Épico;SDIGVSBV00-3259;PI#10|SP4|E|Portal dos prestadores;EXPERIENCIA VALIDADA;06/12/2021 10:48;06/04/2023 09:01;;SGTIJIRA01-1038Seguro Prestamista - Melhorias Operacionais e Projetos Estruturantes;BVP Prestamista;;;PI#6, PI#8, PI#9
Épico;SDIGVSBV00-14326;Habilitador|E36|R|C9| Disponibilizar Anuência 3/4 no Mobile (APPBSC);PRIORIZADO;03/04/2023 16:02;05/04/2023 15:09;;SGTIJIRA01-1648Vila BVP - Célula Corporate Vida;BVP Corporate Vida;;;Habilitador
Épico;SDIGVSBV00-11444;PI#9| SP4 |E| Avaliação de conectividade das API’s da Sales Force;EXPERIENCIA VALIDADA;23/11/2022 15:38;31/03/2023 15:56;;SGTIJIRA01-1311Vila BVP - Célula Subscrição e Analytics;BVP Atuarial - Subscrição/Analytics;;;PI#9, PI#9| Entre Pis | Subscrição e Analytics
Épico;SDIGVSBV00-11440;PI#9|SP3|R| Adequação de transmissão dos Arquivos de Pós Venda;IDENTIFICADO;23/11/2022 11:19;31/03/2023 09:12;;SGTIJIRA01-943Célula de atendimento regulatório, gestão de riscos e atendimento ao cliente;BVP Regulatórios e Qualidade;SDIGVSBV00-13692;;PI#9
Épico;SDIGVSBV00-8554;PI#8|SP4|E|VIDA - PEGA - Biometria facial com validação de conta corrente aberta com menos de 90 dias;EXPERIENCIA VALIDADA;14/07/2022 10:35;29/03/2023 15:06;;SGTIJIRA01-946Vila BVP - Célula Resgate Vida e Previdência;BVP Resgate;SDIGVSBV00-13095;;PI#8, PI#9
Épico;SOPIVSPR00-876;PI#2|SP4|R|E01|PREV| Microsserviço de Resgate - Implementação na Azure;EM EXECUCAO;30/09/2022 15:16;28/03/2023 09:32;;SGTIJIRA01-1142Open Insurance - Fase II - DIGITAL;DIG OpenInsurance Previdencia Parcerias;SOPIVSPR00-1029;;PI#2
Épico;SDIGVSBV00-11708;PI#9|SP4|E|MELHORIAS NA REFORMULAÇÃO VISUAL DO SITE PREV - ALTERAR E-MAIL/SENHA;EXPERIENCIA VALIDADA;01/12/2022 16:52;23/03/2023 11:40;;SGTIJIRA01-1566Vila BVP - Célula Não Correntista;BVP Não Correntista;SDIGVSBV00-11738;;PI#9
Épico;SDIGVSBV00-10878;PI#9|SP3|R|Projeto River;EXECUTADO;19/10/2022 15:28;22/03/2023 17:29;;SGTIJIRA01-1038Seguro Prestamista - Melhorias Operacionais e Projetos Estruturantes;BVP Prestamista;;;PI#9
Épico;SDIGVSBV00-8535;PI#8|SP4|E|VIDA– TESTE DE USABILIDADE para criação da funcionalidade de resgate e jornada com biometria facial no APP Bradesco Seguros;EXPERIENCIA VALIDADA;13/07/2022 12:41;14/03/2023 12:16;;SGTIJIRA01-946Vila BVP - Célula Resgate Vida e Previdência;BVP Resgate;SDIGVSBV00-8922;;PI#8, PI#9
Épico;SDIGVSBV00-11208;PI#9|SP4|E| Adequação de estorno de Comissão Vida no cancelamento;EXPERIENCIA VALIDADA;10/11/2022 14:26;10/03/2023 10:30;;SGTIJIRA01-943Célula de atendimento regulatório, gestão de riscos e atendimento ao cliente;BVP Regulatórios e Qualidade;;;PI#9
Épico;SDIGVSBV00-13845;Viagem - Validação Viajantes adicionais;IDENTIFICADO;09/03/2023 09:15;09/03/2023 09:15;;SGTIJIRA01-1290Novas Jornadas Correntistas - célula com foco na oferta de novos produtos de seguros para correntistas;DIG Novas Jornadas Correntista;;;
Épico;SDIGVSBV00-11180;PI#9|SP3|E|Reestruturação da Jornada Aporte – Portal Não Correntista;EXPERIENCIA VALIDADA;09/11/2022 12:07;08/03/2023 16:34;;SGTIJIRA01-937Vila BVP - Célula com foco em experiência de contratação de previdência;BVP Contratação Prev;SDIGVSBV00-11742;;PI#9
Épico;SDIGVSBV00-11179;PI#9|SP3|E|Portabilidade Externa de Entrada - IB;EXPERIENCIA VALIDADA;09/11/2022 11:48;08/03/2023 16:34;;SGTIJIRA01-937Vila BVP - Célula com foco em experiência de contratação de previdência;BVP Contratação Prev;;;PI#9
Épico;SOPIVSPR00-110;PI#3|SP7|R|Simulações;IDENTIFICADO;23/06/2022 20:12;08/03/2023 16:14;;SGTIJIRA01-1142Open Insurance - Fase II - DIGITAL;DIG OpenInsurance Previdencia Parcerias;;;
Épico;SOPIVSPR00-28;PI#2|SP6|R|E08|PREV| Acompanhamento de Portabilidade Externa Recebida;IDENTIFICADO;22/06/2022 11:25;08/03/2023 14:28;;SGTIJIRA01-1142Open Insurance - Fase II - DIGITAL;DIG OpenInsurance Previdencia Parcerias;;;
Épico;SDIGVSBV00-11705;PI#9|SP2|E|MELHORIAS NA REFORMULAÇÃO VISUAL DO SITE PREV - MEUS PLANOS;EXPERIENCIA VALIDADA;01/12/2022 16:50;07/03/2023 22:50;;SGTIJIRA01-941Célula com foco na Jornada de não correntistas;BVP Não Correntista;SDIGVSBV00-11730;;PI#9
Épico;SDIGVCOR00-25111;PI#13|SP1|E|E36 - Contratação de Previdência com Pagamento Via PIX – Previdência;EXPERIENCIA VALIDADA;31/01/2023 00:01;03/03/2023 18:26;;SGTIJIRA01-1480Vila BVP - Célula Corretor Vida;BVP Corretor;;;PI#13
Épico;SDIGVSBV00-13256;Paralisação / Reativação da Contribuição - Perfil Participante;IDENTIFICADO;30/01/2023 10:06;01/03/2023 16:34;;SGTIJIRA01-939Vila BVP - Célula Corporate Previdência;BVP Corporate Prev;;;
Épico;SDIGVSBV00-11207;PI#9|SP4|R| Melhorias nas funcionalidades de bloqueio judicial Prev - Altamira;EM EXECUCAO;10/11/2022 14:22;27/02/2023 15:38;;SGTIJIRA01-943Célula de atendimento regulatório, gestão de riscos e atendimento ao cliente;BVP Regulatórios e Qualidade;;;PI#9
Épico;SDIGVSBV00-8552;PI#8|SP4|E| Automatizar registro de informações exigidas pela Susep no BDRO [PREVIDÊNCIA];IDENTIFICADO;14/07/2022 09:58;27/02/2023 15:37;;SGTIJIRA01-943Célula de atendimento regulatório, gestão de riscos e atendimento ao cliente;BVP Regulatórios e Qualidade;;;PI#8
Épico;SDIGVSBV00-8550;PI#8|SP4|E| Automatizar registro de informações exigidas pela Susep no BDRO [VIDA];IDENTIFICADO;14/07/2022 09:44;27/02/2023 15:36;;SGTIJIRA01-943Célula de atendimento regulatório, gestão de riscos e atendimento ao cliente;BVP Regulatórios e Qualidade;;;PI#8, PI#9
Épico;SDIGVSBV00-8551;PI#8|SP4|E| SRO PREVIDÊNCIA;IDENTIFICADO;14/07/2022 09:56;27/02/2023 15:22;;SGTIJIRA01-943Célula de atendimento regulatório, gestão de riscos e atendimento ao cliente;BVP Regulatórios e Qualidade;;;PI#8
Épico;SDIGVSBV00-5978;PI#7|SP4|E| Automatizar a prestação de subsídios judiciais [SISE-SP x LEXW];EXPERIENCIA VALIDADA;24/03/2022 10:41;27/02/2023 15:20;;SGTIJIRA01-943Célula de atendimento regulatório, gestão de riscos e atendimento ao cliente;BVP Regulatórios e Qualidade;;;PI#7, PI#8
Épico;SDIGVSBV00-5975;PI#7|SP4|E|Ampliar as formas de acesso aos Informes de Rendimentos [PORTAL VIDA];IDENTIFICADO;24/03/2022 10:32;27/02/2023 15:10;;SGTIJIRA01-943Célula de atendimento regulatório, gestão de riscos e atendimento ao cliente;BVP Regulatórios e Qualidade;SDIGVSBV00-8753, SDIGVSBV00-8848;;PI#7, PI#8
Épico;SDIGVSBV00-5907;PI#7|SP4|E|Ampliar as formas de acesso aos Informes de Rendimentos [IB e MOBILE];IDENTIFICADO;23/03/2022 16:16;27/02/2023 15:10;;SGTIJIRA01-943Célula de atendimento regulatório, gestão de riscos e atendimento ao cliente;BVP Regulatórios e Qualidade;;;PI#7
Épico;SDIGVSBV00-11704;PI#9|SP1|E|MELHORIAS NA REFORMULAÇÃO VISUAL DO SITE PREV - APORTES;EXPERIENCIA VALIDADA;01/12/2022 16:49;22/02/2023 09:51;;SGTIJIRA01-941Célula com foco na Jornada de não correntistas;BVP Não Correntista;SDIGVSBV00-11490;;PI#9
Épico;SDIGVSBV00-13431;Aviso Viagem Cartão - atualizar link para jornada;IDENTIFICADO;13/02/2023 10:18;13/02/2023 10:18;;SGTIJIRA01-1291Melhoria Jornadas Correntistas;DIG Melhoria de Experiência Correntista;;;
Épico;SDIGVCOR00-5064;PI#8|SP6|E|E03 - Simulador de vendas - Vida;IDENTIFICADO;20/06/2021 22:38;08/02/2023 14:26;;SGTIJIRA01-947Vila BVP - Celula com foco em expansão da comercialização dos produtos de Vida e Previdencia pelo corretor;BVP Corretor;;;PI#10, PI#8, PI#9
Épico;SDIGVSBV00-8203;PI#8| SP4 |E| PIS - Preparação para utilização da API de acúmulo de risco;IDENTIFICADO;10/06/2022 15:17;02/01/2023 17:43;;SGTIJIRA01-949Vila BVP - Célula com foco atuarial e no controle dos processos tecnicos e precificação;BVP Atuarial - Subscrição/Analytics;SDIGVSBV00-5712;;PI#8
Épico;SDIGVCOR00-20850;PI#12|SP6|E|E29 - Card de Acompanhamento de Parcelas em Atraso - Vida;EXPERIENCIA VALIDADA;29/09/2022 19:36;29/12/2022 15:54;;SGTIJIRA01-947Vila BVP - Celula com foco em expansão da comercialização dos produtos de Vida e Previdencia pelo corretor;BVP Corretor;;;PI#12
Épico;SDIGVSBV00-858;PI#5|SP4|R|Portabilidade Interna autosserviço N Para N[APP][PREV];IDENTIFICADO;05/08/2021 17:58;08/12/2022 13:15;;SGTIJIRA01-948Vila BVP - Fidelização: célula com foco em gestão ativa do cliente, com ações que promovam a fidelização evitando a saída dos clientes;BVP Fidelização Vida;SDIGVSBV00-7508, SDIGVSBV00-10770, SDIGVSBV00-10293, SDIGVSBV00-10866, SDIGVSBV00-10767, SDIGVSBV00-6902, SDIGVSBV00-10768, SDIGVSBV00-10769, SDIGVSBV00-10864;;PI#5, PI#6, PI#7, PI#8
Épico;SDIGVSBV00-5552;Backlog|SP|5552||C7|[PIVI]Análise da reabertura de comunicados;IDENTIFICADO;04/03/2022 11:39;02/12/2022 12:19;;SGTIJIRA01-942Célula Sinistro com foco em automatizar o processo de análise e regulação de sinistros de vida e previdência, redução de prazo regulatório e melhoria na experiência do usuário;BVP Sinistro;SDIGVSBV00-5550, SDIGVSBV00-5551;;
Épico;SDIGVSBV00-5551;Backlog|SP|5551||C7|[Institucional]Reabertura de comunicados;IDENTIFICADO;04/03/2022 11:33;02/12/2022 12:19;;SGTIJIRA01-942Célula Sinistro com foco em automatizar o processo de análise e regulação de sinistros de vida e previdência, redução de prazo regulatório e melhoria na experiência do usuário;BVP Sinistro;SDIGVSBV00-5552;;
Épico;SDIGVSBV00-5550;Backlog|SP|5550||C7|[Portal de Negócios]Reabertura de comunicados;IDENTIFICADO;04/03/2022 11:31;02/12/2022 12:19;;SGTIJIRA01-942Célula Sinistro com foco em automatizar o processo de análise e regulação de sinistros de vida e previdência, redução de prazo regulatório e melhoria na experiência do usuário;BVP Sinistro;SDIGVSBV00-5552;;
Épico;SDIGVSBV00-5676;PI#7| SP04 |E| - PIS - API para integração sistêmica com a prestadora de serviços Samplemed (Tele Entrevista médica);EXPERIENCIA VALIDADA;16/03/2022 17:42;23/11/2022 15:15;;SGTIJIRA01-949Vila BVP - Célula com foco atuarial e no controle dos processos tecnicos e precificação;BVP Atuarial - Subscrição/Analytics;;;PI#7
Épico;SDIGVSBV00-8534;PI#9|SP3|E|PREV – Estudo para criação do serviço de resgate e jornada com biometria facial no APP Bradesco Seguros;PRIORIZADO;13/07/2022 12:39;22/11/2022 10:54;;SGTIJIRA01-946Vila BVP - Célula Resgate Vida e Previdência;BVP Resgate;;;
Épico;SDIGVSBV00-10396;PI#9|SP1|R| Cancelamento de solicitação de resgate no Mobi Vida - APP Banco;IDENTIFICADO;19/09/2022 17:00;22/11/2022 10:53;;SGTIJIRA01-946Vila BVP - Célula Resgate Vida e Previdência;BVP Resgate;;;
Épico;SDIGVSBV00-5527;Backlog|C7|Melhoria na consulta integrada - Data do fim de vigência de seguro cancelado;IDENTIFICADO;03/03/2022 07:59;11/11/2022 10:08;;SGTIJIRA01-942Célula Sinistro com foco em automatizar o processo de análise e regulação de sinistros de vida e previdência, redução de prazo regulatório e melhoria na experiência do usuário;BVP Sinistro;;;
Épico;SDIGVSBV00-3324;PI#6|SP4|E|Entrar logado na URA Vida;EXPERIENCIA VALIDADA;07/12/2021 11:50;09/11/2022 14:40;;SGTIJIRA01-946Vila BVP - Célula Resgate Vida e Previdência;BVP Resgate;;;PI#6, PI#7, PI#8
Épico;SDIGVSBV00-8394;PI#8|SP2|E|Produto personalizável;PRIORIZADO;04/07/2022 14:37;04/11/2022 14:08;;SGTIJIRA01-950Seguro Prestamista - Novos Negócios , Oportunidades e Projetos Estruturantes;BVP Prestamista;;;PI#8
Épico;SDIGVSBV00-10604;PI#8|SP4|E|Ofício SUSEP Superprotegido;EXPERIENCIA VALIDADA;29/09/2022 08:10;04/11/2022 14:08;;SGTIJIRA01-1038Seguro Prestamista - Melhorias Operacionais e Projetos Estruturantes;BVP Prestamista;;;PI#8
Épico;SDIGVSBV00-8396;PI#8|SP3|E|Cancelamento Não Correntista;EXPERIENCIA VALIDADA;04/07/2022 14:46;24/10/2022 18:44;;SGTIJIRA01-950Seguro Prestamista - Novos Negócios , Oportunidades e Projetos Estruturantes;BVP Prestamista;;;PI#8
Épico;SDIGVSBV00-3329;PI#6|SP4|E|PREV - APP Banco - Incluir Solicitação de Resgate de propostas de Previdência Individual no Sistema Altamira;EM EXECUCAO;07/12/2021 12:04;18/10/2022 14:45;;SGTIJIRA01-946Vila BVP - Célula Resgate Vida e Previdência;BVP Resgate;;;PI#6, PI#7, PI#8
Épico;SDIGVSBV00-8553;PI#8|SP4|E|VIDA - APP BANCO - Biometria facial com validação de conta corrente aberta com menos de 90 dias;EXPERIENCIA VALIDADA;14/07/2022 10:34;18/10/2022 14:36;;SGTIJIRA01-946Vila BVP - Célula Resgate Vida e Previdência;BVP Resgate;;;PI#8
Épico;SDIGVSBV00-8204;PI#8| SP4 |E| PIS - Preparação para utilização da API de Sinistros Reclamados;EXPERIENCIA VALIDADA;10/06/2022 15:18;18/10/2022 09:50;;SGTIJIRA01-949Vila BVP - Célula com foco atuarial e no controle dos processos tecnicos e precificação;BVP Atuarial - Subscrição/Analytics;;;PI#8
Épico;SDIGVSBV00-6193;PI#7|SP3|E|Construir jornada para a consulta de informações e coberturas da apólice Vida e Previdência no WhatsApp Clientes;EXPERIENCIA VALIDADA;04/03/2022 14:46;17/10/2022 12:05;;SGTIJIRA01-901Evoluir com o uso do canal WhatsApp dando atendimento a Clientes e Corretores com uma experiência fluída e jornada simplificada;DIG WhatsApp;SDIGVSBV00-5823, SDIGVSBV00-10846, SDIGVSBV00-10847;;PI#7
Épico;SDIGVSBV00-5992;PI#8|SP04|E| EMP. FLEX | Capital Uniforme [JORNADA];EXPERIENCIA VALIDADA;24/03/2022 14:47;14/10/2022 09:25;;SGTIJIRA01-944Célula com foco em expansão da comercialização dos produtos de VIDA;BVP Contratação Vida;;;PI#7, PI#8
Épico;SDIGVCOR00-15476;PI#11|SP6|E|E24 - Aceite Digital no BSC;EXPERIENCIA VALIDADA;03/06/2022 13:20;03/10/2022 11:06;;SGTIJIRA01-947Vila BVP - Celula com foco em expansão da comercialização dos produtos de Vida e Previdencia pelo corretor;BVP Corretor;;;PI#11, PI#12
Épico;SDIGVCOR00-15479;PI#11|SP6|E|E25 - Aceite Digital no Whatsapp;IDENTIFICADO;03/06/2022 13:41;30/09/2022 08:24;;SGTIJIRA01-947Vila BVP - Celula com foco em expansão da comercialização dos produtos de Vida e Previdencia pelo corretor;BVP Corretor;;;PI#11
Épico;SDIGVSBV00-1143;PI#5|SP4|E|PREV - Site Corporate - Incluir Solicitação de Resgate de propostas de Previdência Corporate/Empresarial no Sistema Altamira;EM EXECUCAO;23/08/2021 19:36;23/09/2022 12:36;;SGTIJIRA01-946Vila BVP - Célula Resgate Vida e Previdência;BVP Resgate;;;PI#5, PI#6, PI#7
Épico;SDIGVCOR00-8572;PI#9|SP6|E|E09 - Aceite digital não correntista - Vida (DocuSign);IDENTIFICADO;25/10/2021 10:45;14/09/2022 08:18;;SGTIJIRA01-947Vila BVP - Celula com foco em expansão da comercialização dos produtos de Vida e Previdencia pelo corretor;BVP Corretor;;;PI#10, PI#11, PI#9
Épico;SOPIVSPR00-29;PI#1|SP7|R|[PREV] Comparativo de Produto Recomendado - Bradesco;IDENTIFICADO;22/06/2022 11:27;08/09/2022 12:05;;SGTIJIRA01-1142Open Insurance - Fase II - DIGITAL;DIG OpenInsurance Previdencia Parcerias;;;
Épico;SDIGVSBV00-8397;Scania Pos Vendas;IDENTIFICADO;04/07/2022 14:53;04/07/2022 15:08;;SGTIJIRA01-950Seguro Prestamista - Novos Negócios , Oportunidades e Projetos Estruturantes;BVP Prestamista;;;
Épico;SDIGVSBV00-8393;Cheque Empresarial - Pós Vendas;IDENTIFICADO;04/07/2022 14:28;04/07/2022 14:31;;SGTIJIRA01-950Seguro Prestamista - Novos Negócios , Oportunidades e Projetos Estruturantes;BVP Prestamista;;;
Épico;SDIGVSBV00-6195;PI#7|SP4|E|Construir jornada para a 2ª via de boleto Vida e Previdência no WhatsApp Clientes;EXPERIENCIA VALIDADA;25/03/2022 17:29;28/06/2022 15:42;;SGTIJIRA01-901Evoluir com o uso do canal WhatsApp dando atendimento a Clientes e Corretores com uma experiência fluída e jornada simplificada;DIG WhatsApp;;;PI#7
Épico;SDIGVSBV00-6194;PI#7|SP4|E|Construir jornada para obter a 2ª via de apólice/certificado Vida e Previdência no WhatsApp Clientes;EXPERIENCIA VALIDADA;04/03/2022 14:47;27/06/2022 17:33;;SGTIJIRA01-901Evoluir com o uso do canal WhatsApp dando atendimento a Clientes e Corretores com uma experiência fluída e jornada simplificada;DIG WhatsApp;;;PI#7
Épico;SOPIVSPR00-30;PI#1|SP7|R|Painel de Gestão;IDENTIFICADO;22/06/2022 11:29;26/06/2022 22:55;;SGTIJIRA01-1142Open Insurance - Fase II - DIGITAL;DIG OpenInsurance Previdencia Parcerias;;;
Épico;SOPIVSPR00-99;PI#1|SP7|R|Informe;IDENTIFICADO;23/06/2022 18:51;26/06/2022 22:52;;SGTIJIRA01-1142Open Insurance - Fase II - DIGITAL;DIG OpenInsurance Previdencia Parcerias;;;
Épico;SDIGVSBV00-5582;Backlog|SP|5582|E|C7|VIDA/PREV - Abertura e consulta de comunicados via Portal do Estipulante;IDENTIFICADO;09/03/2022 12:21;23/06/2022 14:57;;SGTIJIRA01-942Célula Sinistro com foco em automatizar o processo de análise e regulação de sinistros de vida e previdência, redução de prazo regulatório e melhoria na experiência do usuário;BVP Sinistro;;;
Épico;SDIGVSBV00-5636;Backlog|5636||C7|[Portal de Negócios]Melhoria no cadastro de beneficiários - Consulta de beneficiários nos produtos elegíveis, tanto de Previdência quanto de Vida, no momento do cadastro dos beneficiários (MVP de previdência);IDENTIFICADO;14/03/2022 10:54;23/06/2022 14:56;;SGTIJIRA01-942Célula Sinistro com foco em automatizar o processo de análise e regulação de sinistros de vida e previdência, redução de prazo regulatório e melhoria na experiência do usuário;BVP Sinistro;;;
Épico;SDIGVSBV00-5635;Backlog|5635||C7|[Institucional]Melhoria no cadastro de beneficiários - Consulta de beneficiários nos produtos elegíveis, tanto de Previdência quanto de Vida, no momento do cadastro dos beneficiários;IDENTIFICADO;14/03/2022 10:51;23/06/2022 14:56;;SGTIJIRA01-942Célula Sinistro com foco em automatizar o processo de análise e regulação de sinistros de vida e previdência, redução de prazo regulatório e melhoria na experiência do usuário;BVP Sinistro;;;
Épico;SDIGVSBV00-5556;PI#7| SP04 |E| - PIS - API para obtenção de Score de Risco;EXPERIENCIA VALIDADA;07/03/2022 14:53;20/06/2022 13:04;;SGTIJIRA01-949Vila BVP - Célula com foco atuarial e no controle dos processos tecnicos e precificação;BVP Atuarial - Subscrição/Analytics;;;PI#7
Épico;SDIGVCOR00-5071;PI#8|SP6|E06|E|Comissionamento - Previdência|Priorizado|H01|Aumento de 10 % no NPS;IDENTIFICADO;20/06/2021 23:29;15/06/2022 14:05;;SGTIJIRA01-37Vila BVP Vida - Contratação e Desmaterialização;BVP Corretor;;;PI#8, PI#9
Épico;SDIGVCOR00-5070;PI#8|SP6|E05|E|Card de Acompanhamento de propostas - Vida|Priorizado|H01-H06|Teste de usabilidade acima de 68%;IDENTIFICADO;20/06/2021 23:26;15/06/2022 14:05;;SGTIJIRA01-37Vila BVP Vida - Contratação e Desmaterialização;BVP Corretor;;;PI#8
Épico;SDIGVCOR00-5069;PI#8|SP6|E04|E|Card de acompanhamento de portabilidades - Previdência|Priorizado|H01-H06|Teste de usabilidade acima de 68%;IDENTIFICADO;20/06/2021 22:45;15/06/2022 14:04;;SGTIJIRA01-37Vila BVP Vida - Contratação e Desmaterialização;BVP Corretor;;;PI#8
Épico;SDIGVCOR00-11363;PI#10|SP6|E|E21 - Aceite digital não correntista - Vida (Igree);IDENTIFICADO;09/02/2022 10:44;14/06/2022 22:06;;SGTIJIRA01-947Vila BVP - Celula com foco em expansão da comercialização dos produtos de Vida e Previdencia pelo corretor;BVP Corretor;;;PI#10, PI#9
Épico;SDIGVCOR00-11361;PI#10|SP4|E|E19 - Simulador de vendas - Resgatável;IDENTIFICADO;09/02/2022 09:42;14/06/2022 21:37;;SGTIJIRA01-947Vila BVP - Celula com foco em expansão da comercialização dos produtos de Vida e Previdencia pelo corretor;BVP Corretor;;;PI#10
Épico;SDIGVCOR00-8576;PI#9|SP6|E|E12 - Aprovação do Motor de Ofertas;IDENTIFICADO;25/10/2021 10:55;14/06/2022 21:18;;SGTIJIRA01-947Vila BVP - Celula com foco em expansão da comercialização dos produtos de Vida e Previdencia pelo corretor;BVP Corretor;;;PI#10, PI#9
Épico;SDIGVSBV00-7315;PI#7| SP04 |E| - SRVP - API para obtenção de Score de Risco;EXPERIENCIA VALIDADA;27/04/2022 10:01;14/06/2022 13:45;;SGTIJIRA01-949Vila BVP - Célula com foco atuarial e no controle dos processos tecnicos e precificação;BVP Atuarial - Subscrição/Analytics;;;PI#7
Épico;SDIGVSBV00-7317;PI#7| SP04 |E| - SRVP - API para integração sistêmica com a prestadora de serviços Samplemed (Tele Entrevista médica);EXPERIENCIA VALIDADA;27/04/2022 10:17;14/06/2022 13:45;;SGTIJIRA01-949Vila BVP - Célula com foco atuarial e no controle dos processos tecnicos e precificação;BVP Atuarial - Subscrição/Analytics;;;PI#7
Épico;SDIGVSBV00-8201;API que busca Propostas Recusadas no Legado - SRVP e PIS;IDENTIFICADO;10/06/2022 15:11;10/06/2022 15:15;;SGTIJIRA01-949Vila BVP - Célula com foco atuarial e no controle dos processos tecnicos e precificação;BVP Atuarial - Subscrição/Analytics;;;
Épico;SDIGVSBV00-7786;Os dados de todas as propostas que foram cotadas em todos os Fronts e não se tornaram propostas devem ser disponibilizados no ADAC.;IDENTIFICADO;18/05/2022 10:49;18/05/2022 10:49;;;BVP Atuarial - Subscrição/Analytics;;;
Épico;SDIGVSBV00-7785;Os dados de todas as propostas que foram cotadas em todos os Fronts e não se tornaram propostas devem ser disponibilizados no ADAC.;IDENTIFICADO;18/05/2022 10:48;18/05/2022 10:48;;;BVP Atuarial - Subscrição/Analytics;;;
Épico;SDIGVSBV00-7783;Os dados de todas as propostas que foram cotadas em todos os Fronts e não se tornaram propostas devem ser disponibilizados no ADAC.;IDENTIFICADO;18/05/2022 10:47;18/05/2022 10:47;;;BVP Atuarial - Subscrição/Analytics;;;
Épico;SDIGVSBV00-7782;CRVP - Ficam todas as informações do pós venda - Dados da proposta e proponente, histórico de contato, data, horário, descrição e parecer/finalização.;IDENTIFICADO;18/05/2022 10:43;18/05/2022 10:43;;;BVP Atuarial - Subscrição/Analytics;;;
Épico;SDIGVSBV00-7781;Hoje é utilizado o arquivo chamado EPES de sinistro devemos criar novo relatório ou complementar o existente para trazer novas informações do SISE SP de Sinistro - Como Causa do Sinistro;IDENTIFICADO;18/05/2022 10:39;18/05/2022 10:39;;;BVP Atuarial - Subscrição/Analytics;;;
Épico;SDIGVSBV00-6470;Robô Parametrização;IDENTIFICADO;30/03/2022 08:38;30/03/2022 08:38;;;BVP Prestamista;;;
Épico;SDIGVSBV00-6469;Aceite Digital;IDENTIFICADO;30/03/2022 08:38;30/03/2022 08:38;;;BVP Prestamista;;;
Épico;SDIGVSBV00-6468;Motor de Oferta;IDENTIFICADO;30/03/2022 08:37;30/03/2022 08:37;;;BVP Prestamista;;;
Épico;SDIGVSBV00-6467;Motor de Cálculo;IDENTIFICADO;30/03/2022 08:37;30/03/2022 08:37;;;BVP Prestamista;;;
Épico;SDIGVSBV00-6464;Retenção IB;IDENTIFICADO;30/03/2022 08:37;30/03/2022 08:37;;;BVP Prestamista;;;
Épico;SDIGVSBV00-6462;PIX Restituição;IDENTIFICADO;30/03/2022 08:36;30/03/2022 08:36;;;BVP Prestamista;;;
Épico;SDIGVSBV00-6461;FABS Prestamista;IDENTIFICADO;30/03/2022 08:36;30/03/2022 08:36;;;BVP Prestamista;;;
Épico;SDIGVSBV00-5553;Backlog|5553||C7|Alteração da obrigatoriedade de informar o CPF para pagamento parcial no SISE SP;IDENTIFICADO;04/03/2022 12:32;22/03/2022 08:19;;SGTIJIRA01-942Célula Sinistro com foco em automatizar o processo de análise e regulação de sinistros de vida e previdência, redução de prazo regulatório e melhoria na experiência do usuário;BVP Sinistro;;;
Gerado em Wed Jun 14 08:56:57 BRT 2023 por Silvio Cesar Soares De Oliveira usando Jira 8.20.9#820009-sha1:3f676e980ac1d5cf6a703f13d6584c8f19f830d3. ;;;;;;;;;;;
